<?xml version="1.0" encoding="UTF-8" standalone="yes"?>
<addon id="repository.kracken" name="Kracken Repository" version="1.0" provider-name="drpicklerick">
    <extension point="xbmc.addon.repository" name="Krackeen Repository">
        <dir>
            <info compressed="false">https://raw.githubusercontent.com/drpicklerick/drpicklerick.github.io/master/zips/addons.xml</info>
            <checksum>https://raw.githubusercontent.com/drpicklerick/drpicklerick.github.io/master/zips/addons.xml.md5</checksum>
            <datadir zip="true">https://raw.githubusercontent.com/drpicklerick/drpicklerick.github.io/master/zips/</datadir>
        </dir>
    </extension>
    <extension point="xbmc.addon.metadata">
        <summary>Ezra</summary>
        <description>Kracken Repo for Jolly Roger Builds</description>
        <disclaimer></disclaimer>
        <platform>all</platform>
        <assets>
            <icon>icon.png</icon>
            <fanart>fanart.jpg</fanart>
        </assets>
    </extension>
</addon>
